,Team,hex_Primary_Color,hex_Secondary_Color,League,wc_css2_Primary_Name,wc_css2_Secondary_Name,wc_css3_Primary_Name,wc_css3_Secondary_Name,wa_Primary_Names,wa_Secondary_Names,wa_Primary_Name_1,wa_Primary_Name_2,wa_Secondary_Name_1,wa_Secondary_Name_2
0,Arizona Cardinals,#97233F,#FFB612,NFL,Maroon,Orange,Brown,Orange,"crimson,medium violet red","orange,dark orange",Crimson,Medium Violet Red,Orange,Dark Orange
1,Atlanta Falcons,#A71930,#000000,NFL,Maroon,Black,Brown,Black,"crimson,medium violet red","black,dim gray",Crimson,Medium Violet Red,Black,Dim Gray
2,Baltimore Ravens,#241773,#000000,NFL,Navy,Black,Midnightblue,Black,"midnight blue,navy","black,dim gray",Midnight Blue,Navy,Black,Dim Gray
3,Buffalo Bills,#C60C30,#00338D,NFL,Red,Navy,Crimson,Midnightblue,"crimson,deep pink","dark blue,navy",Crimson,Deep Pink,Dark Blue,Navy
4,Carolina Panthers,#0085ca,#000000,NFL,Teal,Black,Dodgerblue,Black,"deep sky blue,dark turquoise","black,dim gray",Deep Sky Blue,Dark Turquoise,Black,Dim Gray
5,Chicago Bears,#0B162A,#C83803,NFL,Black,Red,Black,Firebrick,"midnight blue,steel blue","orange red,chocolate",Midnight Blue,Steel Blue,Orange Red,Chocolate
6,Cincinnati Bengals,#FB4F14,#101820,NFL,Red,Black,Orangered,Black,"orange red,chocolate","dark slate gray,steel blue",Orange Red,Chocolate,Dark Slate Gray,Steel Blue
7,Cleveland Browns,#FF3C00,#311D00,NFL,Red,Black,Orangered,Black,"orange red,red","saddle brown,olive",Orange Red,Red,Saddle Brown,Olive
8,Dallas Cowboys,#041E42,#869397,NFL,Navy,Gray,Midnightblue,Lightslategray,"navy,dark blue","light slate gray,slate gray",Navy,Dark Blue,Light Slate Gray,Slate Gray
9,Denver Broncos,#002244,#FB4F14,NFL,Navy,Red,Midnightblue,Orangered,"navy,teal","orange red,chocolate",Navy,Teal,Orange Red,Chocolate
10,Detroit Lions,#0076B6,#B0B7BC,NFL,Teal,Silver,Darkcyan,Silver,"deep sky blue,dark turquoise","alice blue,light steel blue",Deep Sky Blue,Dark Turquoise,Alice Blue,Light Steel Blue
11,Green Bay Packers,#203731,#FFB612,NFL,Black,Orange,Darkslategray,Orange,"dark slate gray,cadet blue","orange,dark orange",Dark Slate Gray,Cadet Blue,Orange,Dark Orange
12,Houston Texans,#03202F,#A71930,NFL,Black,Maroon,Black,Brown,"teal,dark cyan","crimson,medium violet red",Teal,Dark Cyan,Crimson,Medium Violet Red
13,Indianapolis Colts,#002C5F,#002C5F,NFL,Navy,Navy,Midnightblue,Midnightblue,"navy,dark blue","navy,dark blue",Navy,Dark Blue,Navy,Dark Blue
14,Jacksonville Jaguars,#006778,#D7A22A,NFL,Teal,Orange,Teal,Goldenrod,"teal,dark cyan","goldenrod,chocolate",Teal,Dark Cyan,Goldenrod,Chocolate
15,Kansas City Chiefs,#E31837,#FFB81C,NFL,Red,Orange,Crimson,Orange,"crimson,deep pink","goldenrod,orange",Crimson,Deep Pink,Goldenrod,Orange
16,Los Angeles Chargers,#002A5E,#FFC20E,NFL,Navy,Orange,Midnightblue,Gold,"navy,dark blue","gold,orange",Navy,Dark Blue,Gold,Orange
17,Los Angeles Rams,#002244,#002244,NFL,Navy,Navy,Midnightblue,Midnightblue,"navy,teal","navy,teal",Navy,Teal,Navy,Teal
18,Miami Dolphins,#008E97,#F26A24,NFL,Teal,Orange,Darkcyan,Chocolate,"dark cyan,teal","chocolate,orange red",Dark Cyan,Teal,Chocolate,Orange Red
19,Minnesota Vikings,#512D6D,#FFB81C,NFL,Purple,Orange,Darkslateblue,Orange,"dark slate blue,medium orchid","goldenrod,orange",Dark Slate Blue,Medium Orchid,Goldenrod,Orange
20,New England Patriots,#002244,#C60C30,NFL,Navy,Red,Midnightblue,Crimson,"navy,teal","crimson,deep pink",Navy,Teal,Crimson,Deep Pink
21,New Orleans Saints,#D3BC8D,#000000,NFL,Silver,Black,Tan,Black,"tan,navajo white","black,dim gray",Tan,Navajo White,Black,Dim Gray
22,New York Giants,#0B2265,#A71930,NFL,Navy,Maroon,Midnightblue,Brown,"midnight blue,navy","crimson,medium violet red",Midnight Blue,Navy,Crimson,Medium Violet Red
23,New York Jets,#003F2D,#003F2D,NFL,Black,Black,Darkgreen,Darkgreen,"teal,dark cyan","teal,dark cyan",Teal,Dark Cyan,Teal,Dark Cyan
24,Oakland Raiders,#000000,#A5ACAF,NFL,Black,Silver,Black,Darkgray,"black,dim gray","alice blue,azure",Black,Dim Gray,Alice Blue,Azure
25,Philadelphia Eagles,#004C54,#A5ACAF,NFL,Teal,Silver,Darkslategray,Darkgray,"teal,dark cyan","alice blue,azure",Teal,Dark Cyan,Alice Blue,Azure
26,Pittsburgh Steelers,#000000,#FFB612,NFL,Black,Orange,Black,Orange,"black,dim gray","orange,dark orange",Black,Dim Gray,Orange,Dark Orange
27,San Francisco 49ers,#AA0000,#B3995D,NFL,Maroon,Gray,Darkred,Darkkhaki,"dark red,maroon","dark khaki,burly wood",Dark Red,Maroon,Dark Khaki,Burly Wood
28,Seattle Seahawks,#002244,#69BE28,NFL,Navy,Olive,Midnightblue,Olivedrab,"navy,teal","yellow green,green yellow",Navy,Teal,Yellow Green,Green Yellow
29,Tampa Bay Buccaneers,#D50A0A,#0A0A08,NFL,Red,Black,Red,Black,"red,dark red","dark khaki,pale goldenrod",Red,Dark Red,Dark Khaki,Pale Goldenrod
30,Tennessee Titans,#002A5C,#4495D1,NFL,Navy,Gray,Midnightblue,Steelblue,"navy,dark blue","steel blue,cornflower blue",Navy,Dark Blue,Steel Blue,Cornflower Blue
31,Washington Redskins,#773141,#FFB612,NFL,Purple,Orange,Brown,Orange,"pale violet red,hot pink","orange,dark orange",Pale Violet Red,Hot Pink,Orange,Dark Orange
32,Houston Oilers,#4691df,#cc122c,NFL,Gray,Red,Cornflowerblue,Crimson,"steel blue,royal blue","crimson,deep pink",Steel Blue,Royal Blue,Crimson,Deep Pink
33,Atlanta Hawks,#E03A3E,#C1D32F,NBA,Red,Yellow,Crimson,Yellowgreen,"crimson,hot pink","yellow green,olive drab",Crimson,Hot Pink,Yellow Green,Olive Drab
34,Boston Celtics,#007a33,#BA9653,NBA,Green,Gray,Forestgreen,Peru,"green,dark green","sandy brown,peru",Green,Dark Green,Sandy Brown,Peru
35,Brooklyn Nets,#000000,#000000,NBA,Black,Black,Black,Black,"black,dim gray","black,dim gray",Black,Dim Gray,Black,Dim Gray
36,Charlotte Hornets,#1D1160,#00788c,NBA,Navy,Teal,Midnightblue,Teal,"midnight blue,navy","dark cyan,teal",Midnight Blue,Navy,Dark Cyan,Teal
37,Chicago Bulls,#CE1141,#000000,NBA,Red,Black,Crimson,Black,"crimson,deep pink","black,dim gray",Crimson,Deep Pink,Black,Dim Gray
38,Cleveland Cavaliers,#6f263d,#ffb81c,NBA,Maroon,Orange,Brown,Orange,"pale violet red,hot pink","goldenrod,orange",Pale Violet Red,Hot Pink,Goldenrod,Orange
39,Dallas Mavericks,#00538C,#B8C4CA,NBA,Teal,Silver,Teal,Silver,"dark cyan,teal","alice blue,light steel blue",Dark Cyan,Teal,Alice Blue,Light Steel Blue
40,Denver Nuggets,#00285E,#ffc72c,NBA,Navy,Orange,Midnightblue,Gold,"navy,dark blue","goldenrod,chocolate",Navy,Dark Blue,Goldenrod,Chocolate
41,Detroit Pistons,#ED174C,#006BB6,NBA,Red,Teal,Crimson,Darkcyan,"crimson,deep pink","deep sky blue,dodger blue",Crimson,Deep Pink,Deep Sky Blue,Dodger Blue
42,Golden State Warriors,#006BB6,#fdb927,NBA,Teal,Orange,Darkcyan,Goldenrod,"deep sky blue,dodger blue","goldenrod,chocolate",Deep Sky Blue,Dodger Blue,Goldenrod,Chocolate
43,Houston Rockets,#ce1141,#000000,NBA,Red,Black,Crimson,Black,"crimson,deep pink","black,dim gray",Crimson,Deep Pink,Black,Dim Gray
44,Indiana Pacers,#002D62,#fdbb30,NBA,Navy,Orange,Midnightblue,Goldenrod,"navy,dark blue","goldenrod,chocolate",Navy,Dark Blue,Goldenrod,Chocolate
45,Los Angeles Clippers,#ED174C,#006bb6,NBA,Red,Teal,Crimson,Darkcyan,"crimson,deep pink","deep sky blue,dodger blue",Crimson,Deep Pink,Deep Sky Blue,Dodger Blue
46,Los Angeles Lakers,#552583,#ffc72c,NBA,Purple,Orange,Darkslateblue,Gold,"dark orchid,blue violet","goldenrod,chocolate",Dark Orchid,Blue Violet,Goldenrod,Chocolate
47,Memphis Grizzlies,#6189B9,#00285E,NBA,Gray,Navy,Steelblue,Midnightblue,"light sky blue,cornflower blue","navy,dark blue",Light Sky Blue,Cornflower Blue,Navy,Dark Blue
48,Miami Heat,#98002e,#F9A01B,NBA,Maroon,Orange,Brown,Orange,"crimson,medium violet red","goldenrod,chocolate",Crimson,Medium Violet Red,Goldenrod,Chocolate
49,Milwaukee Bucks,#00471b,#eee1c6,NBA,Green,Silver,Darkgreen,Bisque,"dark green,green","papaya whip,blanched almond",Dark Green,Green,Papaya Whip,Blanched Almond
50,Minnesota Timberwolves,#0c2340,#236192,NBA,Navy,Teal,Midnightblue,Teal,"midnight blue,steel blue","steel blue,royal blue",Midnight Blue,Steel Blue,Steel Blue,Royal Blue
51,New Orleans Pelicans,#002b5c,#E31837,NBA,Navy,Red,Midnightblue,Crimson,"navy,dark blue","crimson,deep pink",Navy,Dark Blue,Crimson,Deep Pink
52,New York Knicks,#006BB6,#f58426,NBA,Teal,Orange,Darkcyan,Darkorange,"deep sky blue,dodger blue","chocolate,goldenrod",Deep Sky Blue,Dodger Blue,Chocolate,Goldenrod
53,Oklahoma City Thunder,#007AC1,#ef3b24,NBA,Teal,Red,Darkcyan,Orangered,"deep sky blue,dark turquoise","fire brick,tomato",Deep Sky Blue,Dark Turquoise,Fire Brick,Tomato
54,Orlando Magic,#0057b8,#c2ccd2,NBA,Teal,Silver,Darkcyan,Lightgray,"dodger blue,deep sky blue","alice blue,light steel blue",Dodger Blue,Deep Sky Blue,Alice Blue,Light Steel Blue
55,Philadelphia 76ers,#006BB6,#ED174C,NBA,Teal,Red,Darkcyan,Crimson,"deep sky blue,dodger blue","crimson,deep pink",Deep Sky Blue,Dodger Blue,Crimson,Deep Pink
56,Phoenix Suns,#1D1160,#e56020,NBA,Navy,Orange,Midnightblue,Chocolate,"midnight blue,navy","chocolate,saddle brown",Midnight Blue,Navy,Chocolate,Saddle Brown
57,Portland Trail Blazers,#E03A3E,#000000,NBA,Red,Black,Crimson,Black,"crimson,hot pink","black,dim gray",Crimson,Hot Pink,Black,Dim Gray
58,Sacramento Kings,#5A2D81,#63727a,NBA,Purple,Gray,Darkslateblue,Dimgray,"dark orchid,medium orchid","slate gray,light slate gray",Dark Orchid,Medium Orchid,Slate Gray,Light Slate Gray
59,San Antonio Spurs,#000000,#C4CED4,NBA,Black,Silver,Black,Lightgray,"black,dim gray","alice blue,light steel blue",Black,Dim Gray,Alice Blue,Light Steel Blue
60,Toronto Raptors,#CE1141,#000000,NBA,Red,Black,Crimson,Black,"crimson,deep pink","black,dim gray",Crimson,Deep Pink,Black,Dim Gray
61,Utah Jazz,#002B5C,#F9A01B,NBA,Navy,Orange,Midnightblue,Orange,"navy,dark blue","goldenrod,chocolate",Navy,Dark Blue,Goldenrod,Chocolate
62,Washington Wizards,#002B5C,#e31837,NBA,Navy,Red,Midnightblue,Crimson,"navy,dark blue","crimson,deep pink",Navy,Dark Blue,Crimson,Deep Pink
63,Seattle Supersonics,#00653a,#ffc200,NBA,Green,Orange,Darkslategray,Gold,"teal,dark cyan","gold,orange",Teal,Dark Cyan,Gold,Orange
64,Arizona Diamondbacks,#A71930,#000000,MLB,Maroon,Black,Brown,Black,"crimson,medium violet red","black,dim gray",Crimson,Medium Violet Red,Black,Dim Gray
65,Atlanta Braves,#002855,#BA0C2F,MLB,Navy,Maroon,Midnightblue,Firebrick,"navy,dark blue","crimson,deep pink",Navy,Dark Blue,Crimson,Deep Pink
66,Baltimore Orioles,#DF4601,#000000,MLB,Red,Black,Orangered,Black,"orange red,dark orange","black,dim gray",Orange Red,Dark Orange,Black,Dim Gray
67,Boston Red Sox,#C8102E,#0C2340,MLB,Red,Navy,Crimson,Midnightblue,"crimson,deep pink","midnight blue,steel blue",Crimson,Deep Pink,Midnight Blue,Steel Blue
68,Chicago Cubs,#002F6C,#C8102E,MLB,Navy,Red,Midnightblue,Crimson,"navy,dark blue","crimson,deep pink",Navy,Dark Blue,Crimson,Deep Pink
69,Chicago White Sox,#27251F,#8A8D8F,MLB,Black,Gray,Black,Lightslategray,"tan,pale goldenrod","alice blue,slate gray",Tan,Pale Goldenrod,Alice Blue,Slate Gray
70,Cincinnati Reds,#D50032,#000000,MLB,Red,Black,Crimson,Black,"crimson,deep pink","black,dim gray",Crimson,Deep Pink,Black,Dim Gray
71,Cleveland Indians,#0F223E,#E31937,MLB,Black,Red,Midnightblue,Crimson,"midnight blue,steel blue","crimson,deep pink",Midnight Blue,Steel Blue,Crimson,Deep Pink
72,Colorado Rockies,#333366,#C4CED4,MLB,Navy,Silver,Darkslategray,Lightgray,"dark slate blue,slate blue","alice blue,light steel blue",Dark Slate Blue,Slate Blue,Alice Blue,Light Steel Blue
73,Detroit Tigers,#0C2C56,#FF6600,MLB,Navy,Orange,Midnightblue,Orangered,"midnight blue,navy","orange red,dark orange",Midnight Blue,Navy,Orange Red,Dark Orange
74,Houston Astros,#002D62,#EB6E1F,MLB,Navy,Orange,Midnightblue,Chocolate,"navy,dark blue","chocolate,orange red",Navy,Dark Blue,Chocolate,Orange Red
75,Kansas City Royals,#004687,#C09A5B,MLB,Teal,Gray,Midnightblue,Darkkhaki,"dark cyan,teal","sandy brown,burly wood",Dark Cyan,Teal,Sandy Brown,Burly Wood
76,Los Angeles Angels,#BA0021,#003263,MLB,Maroon,Navy,Firebrick,Midnightblue,"crimson,deep pink","teal,dark cyan",Crimson,Deep Pink,Teal,Dark Cyan
77,Los Angeles Dodgers,#002F6C,#E4002B,MLB,Navy,Red,Midnightblue,Crimson,"navy,dark blue","crimson,deep pink",Navy,Dark Blue,Crimson,Deep Pink
78,Miami Marlins,#000000,#ef3340,MLB,Black,Red,Black,Crimson,"black,dim gray","crimson,deep pink",Black,Dim Gray,Crimson,Deep Pink
79,Milwaukee Brewers,#13294B,#85714D,MLB,Navy,Gray,Midnightblue,Dimgray,"midnight blue,steel blue","burly wood,dark khaki",Midnight Blue,Steel Blue,Burly Wood,Dark Khaki
80,Minnesota Twins,#0C2341,#BA0C2E,MLB,Navy,Maroon,Midnightblue,Firebrick,"midnight blue,steel blue","crimson,deep pink",Midnight Blue,Steel Blue,Crimson,Deep Pink
81,New York Mets,#002D72,#FC4C00,MLB,Navy,Red,Midnightblue,Orangered,"navy,dark blue","orange red,dark orange",Navy,Dark Blue,Orange Red,Dark Orange
82,New York Yankees,#162546,#97999B,MLB,Navy,Gray,Midnightblue,Darkgray,"midnight blue,steel blue","alice blue,light slate gray",Midnight Blue,Steel Blue,Alice Blue,Light Slate Gray
83,Oakland Athletics,#003831,#EFB21E,MLB,Black,Orange,Darkslategray,Goldenrod,"teal,dark cyan","goldenrod,dark goldenrod",Teal,Dark Cyan,Goldenrod,Dark Goldenrod
84,Philadelphia Phillies,#BA0C2F,#003087,MLB,Maroon,Navy,Firebrick,Midnightblue,"crimson,deep pink","dark blue,navy",Crimson,Deep Pink,Dark Blue,Navy
85,Pittsburgh Pirates,#111111,#ffc72c,MLB,Black,Orange,Black,Gold,"black,dim gray","goldenrod,chocolate",Black,Dim Gray,Goldenrod,Chocolate
86,St. Louis Cardinals,#BA0C2F,#0C2340,MLB,Maroon,Navy,Firebrick,Midnightblue,"crimson,deep pink","midnight blue,steel blue",Crimson,Deep Pink,Midnight Blue,Steel Blue
87,San Diego Padres,#002D62,#A0AAB2,MLB,Navy,Silver,Midnightblue,Darkgray,"navy,dark blue","alice blue,light slate gray",Navy,Dark Blue,Alice Blue,Light Slate Gray
88,San Francisco Giants,#FA4616,#27251F,MLB,Red,Black,Orangered,Black,"orange red,chocolate","tan,pale goldenrod",Orange Red,Chocolate,Tan,Pale Goldenrod
89,Seattle Mariners,#0C2340,#00685E,MLB,Navy,Teal,Midnightblue,Teal,"midnight blue,steel blue","teal,dark cyan",Midnight Blue,Steel Blue,Teal,Dark Cyan
90,Tampa Bay Rays,#092C5C,#8FBCE6,MLB,Navy,Silver,Midnightblue,Skyblue,"navy,dark blue","sky blue,light sky blue",Navy,Dark Blue,Sky Blue,Light Sky Blue
91,Texas Rangers,#003278,#C0111F,MLB,Navy,Red,Midnightblue,Firebrick,"navy,dark blue","crimson,deep pink",Navy,Dark Blue,Crimson,Deep Pink
92,Toronto Blue Jays,#134A8E,#E8291C,MLB,Teal,Red,Darkslateblue,Crimson,"dodger blue,midnight blue","fire brick,red",Dodger Blue,Midnight Blue,Fire Brick,Red
93,Washington Nationals,#BA122B,#14225A,MLB,Maroon,Navy,Firebrick,Midnightblue,"crimson,deep pink","midnight blue,royal blue",Crimson,Deep Pink,Midnight Blue,Royal Blue
94,Montreal Expos,#002E88,#E4002B,MLB,Navy,Red,Midnightblue,Crimson,"dark blue,navy","crimson,deep pink",Dark Blue,Navy,Crimson,Deep Pink
95,MLB,#002D72,#D50032,MLB,Navy,Red,Midnightblue,Crimson,"navy,dark blue","crimson,deep pink",Navy,Dark Blue,Crimson,Deep Pink
96,Anaheim Ducks,#f95602,#000000,NHL,Orange,Black,Orangered,Black,"orange red,dark orange","black,dim gray",Orange Red,Dark Orange,Black,Dim Gray
97,Arizona Coyotes,#8C2633,#E2D6B5,NHL,Maroon,Silver,Brown,Wheat,"crimson,hot pink","blanched almond,papaya whip",Crimson,Hot Pink,Blanched Almond,Papaya Whip
98,Boston Bruins,#111111,#FCB514,NHL,Black,Orange,Black,Orange,"black,dim gray","orange,goldenrod",Black,Dim Gray,Orange,Goldenrod
99,Buffalo Sabres,#002654,#FCB514,NHL,Navy,Orange,Midnightblue,Orange,"navy,dark blue","orange,goldenrod",Navy,Dark Blue,Orange,Goldenrod
100,Calgary Flames,#B72B35,#F1BE48,NHL,Maroon,Orange,Brown,Sandybrown,"crimson,medium violet red","peru,sandy brown",Crimson,Medium Violet Red,Peru,Sandy Brown
101,Carolina Hurricanes,#B72B35,#000000,NHL,Maroon,Black,Brown,Black,"crimson,medium violet red","black,dim gray",Crimson,Medium Violet Red,Black,Dim Gray
102,Chicago Blackhawks,#CF0A2C,#000000,NHL,Red,Black,Crimson,Black,"crimson,deep pink","black,dim gray",Crimson,Deep Pink,Black,Dim Gray
103,Colorado Avalanche,#6F263D,#236192,NHL,Maroon,Teal,Brown,Teal,"pale violet red,hot pink","steel blue,royal blue",Pale Violet Red,Hot Pink,Steel Blue,Royal Blue
104,Columbus Blue Jackets,#002654,#CE1126,NHL,Navy,Red,Midnightblue,Crimson,"navy,dark blue","crimson,deep pink",Navy,Dark Blue,Crimson,Deep Pink
105,Dallas Stars,#006847,#8F8F8C,NHL,Teal,Gray,Darkslategray,Gray,"teal,dark cyan","beige,ivory",Teal,Dark Cyan,Beige,Ivory
106,Detroit Red Wings,#CE1126,#CE1126,NHL,Red,Red,Crimson,Crimson,"crimson,deep pink","crimson,deep pink",Crimson,Deep Pink,Crimson,Deep Pink
107,Edmonton Oilers,#041E41,#FF4C00,NHL,Navy,Red,Midnightblue,Orangered,"navy,dark blue","orange red,dark orange",Navy,Dark Blue,Orange Red,Dark Orange
108,Florida Panthers,#041E42,#C8102E,NHL,Navy,Red,Midnightblue,Crimson,"navy,dark blue","crimson,deep pink",Navy,Dark Blue,Crimson,Deep Pink
109,Los Angeles Kings,#111111,#a2aaad,NHL,Black,Silver,Black,Darkgray,"black,dim gray","alice blue,azure",Black,Dim Gray,Alice Blue,Azure
110,Minnesota Wild,#004F30,#C51230,NHL,Green,Red,Darkgreen,Crimson,"teal,dark cyan","crimson,deep pink",Teal,Dark Cyan,Crimson,Deep Pink
111,Montreal Canadiens,#C51230,#192168,NHL,Red,Navy,Crimson,Midnightblue,"crimson,deep pink","midnight blue,royal blue",Crimson,Deep Pink,Midnight Blue,Royal Blue
112,Nashville Predators,#041E42,#FFB81C,NHL,Navy,Orange,Midnightblue,Orange,"navy,dark blue","goldenrod,orange",Navy,Dark Blue,Goldenrod,Orange
113,New Jersey Devils,#CE1126,#000000,NHL,Red,Black,Crimson,Black,"crimson,deep pink","black,dim gray",Crimson,Deep Pink,Black,Dim Gray
114,New York Islanders,#00529B,#F47920,NHL,Teal,Orange,Teal,Chocolate,"deep sky blue,dodger blue","chocolate,goldenrod",Deep Sky Blue,Dodger Blue,Chocolate,Goldenrod
115,New York Rangers,#0038A8,#CE1126,NHL,Navy,Red,Darkblue,Crimson,"dark blue,medium blue","crimson,deep pink",Dark Blue,Medium Blue,Crimson,Deep Pink
116,Ottawa Senators,#E31837,#000000,NHL,Red,Black,Crimson,Black,"crimson,deep pink","black,dim gray",Crimson,Deep Pink,Black,Dim Gray
117,Philadelphia Flyers,#F74902,#000000,NHL,Red,Black,Orangered,Black,"orange red,dark orange","black,dim gray",Orange Red,Dark Orange,Black,Dim Gray
118,Pittsburgh Penguins,#000000,#FCB514,NHL,Black,Orange,Black,Orange,"black,dim gray","orange,goldenrod",Black,Dim Gray,Orange,Goldenrod
119,St. Louis Blues,#002F87,#FCB514,NHL,Navy,Orange,Midnightblue,Orange,"dark blue,navy","orange,goldenrod",Dark Blue,Navy,Orange,Goldenrod
120,San Jose Sharks,#006D75,#EA7200,NHL,Teal,Orange,Teal,Darkorange,"teal,dark cyan","dark orange,orange",Teal,Dark Cyan,Dark Orange,Orange
121,Tampa Bay Lightning,#002868,#000000,NHL,Navy,Black,Midnightblue,Black,"navy,dark blue","black,dim gray",Navy,Dark Blue,Black,Dim Gray
122,Toronto Maple Leafs,#003E7E,#003E7E,NHL,Navy,Navy,Midnightblue,Midnightblue,"navy,dark blue","navy,dark blue",Navy,Dark Blue,Navy,Dark Blue
123,Vancouver Canucks,#001F5C,#021B2C,NHL,Navy,Black,Midnightblue,Black,"navy,dark blue","teal,dark cyan",Navy,Dark Blue,Teal,Dark Cyan
124,Vegas Golden Knights,#B4975A,#333F42,NHL,Gray,Navy,Darkkhaki,Darkslategray,"dark khaki,burly wood","slate gray,light slate gray",Dark Khaki,Burly Wood,Slate Gray,Light Slate Gray
125,Washington Capitals,#041E41,#CF0A2C,NHL,Navy,Red,Midnightblue,Crimson,"navy,dark blue","crimson,deep pink",Navy,Dark Blue,Crimson,Deep Pink
126,Winnipeg Jets,#041E41,#AC162C,NHL,Navy,Maroon,Midnightblue,Firebrick,"navy,dark blue","crimson,medium violet red",Navy,Dark Blue,Crimson,Medium Violet Red
127,Atlanta Thrashers,#041E42,#FFA300,NHL,Navy,Orange,Midnightblue,Orange,"navy,dark blue","orange,dark orange",Navy,Dark Blue,Orange,Dark Orange
128,Hartford Whalers,#0e7b3e,#2a3489,NHL,Green,Navy,Forestgreen,Darkslateblue,"sea green,green","midnight blue,royal blue",Sea Green,Green,Midnight Blue,Royal Blue
129,Minnesota North Stars,#009639,#ffd100,NHL,Green,Orange,Forestgreen,Gold,"green,spring green","gold,orange",Green,Spring Green,Gold,Orange
130,Quebec Nordiques,#c8102e,#0072ce,NHL,Red,Teal,Crimson,Dodgerblue,"crimson,deep pink","deep sky blue,dodger blue",Crimson,Deep Pink,Deep Sky Blue,Dodger Blue
131,AFC Bournemouth,#d41e2a,#000000,EPL,Red,Black,Crimson,Black,"crimson,deep pink","black,dim gray",Crimson,Deep Pink,Black,Dim Gray
132,Arsenal,#D80919,#063672,EPL,Red,Navy,Crimson,Midnightblue,"crimson,deep pink","navy,dark blue",Crimson,Deep Pink,Navy,Dark Blue
133,Brighton & Hove Albion,#0A56A3,#F8BC1B,EPL,Teal,Orange,Teal,Orange,"dodger blue,deep sky blue","goldenrod,dark goldenrod",Dodger Blue,Deep Sky Blue,Goldenrod,Dark Goldenrod
134,Burnley,#80234C,#91D2F2,EPL,Purple,Silver,Brown,Skyblue,"medium violet red,hot pink","sky blue,light sky blue",Medium Violet Red,Hot Pink,Sky Blue,Light Sky Blue
135,Cardiff City,#0070B5,#D11524,EPL,Teal,Red,Darkcyan,Crimson,"deep sky blue,dark turquoise","crimson,deep pink",Deep Sky Blue,Dark Turquoise,Crimson,Deep Pink
136,Chelsea,#034694,#ED1C24,EPL,Teal,Red,Teal,Crimson,"dodger blue,dark blue","crimson,deep pink",Dodger Blue,Dark Blue,Crimson,Deep Pink
137,Crystal Palace FC,#1B458F,#C4122E,EPL,Teal,Red,Darkslateblue,Firebrick,"midnight blue,royal blue","crimson,deep pink",Midnight Blue,Royal Blue,Crimson,Deep Pink
138,Everton,#063A99,#000000,EPL,Navy,Black,Midnightblue,Black,"dark blue,navy","black,dim gray",Dark Blue,Navy,Black,Dim Gray
139,Fulham,#cc0000,#000000,EPL,Red,Black,Red,Black,"red,dark red","black,dim gray",Red,Dark Red,Black,Dim Gray
140,Huddersfield Town,#0E63AD,#000000,EPL,Teal,Black,Darkcyan,Black,"dodger blue,deep sky blue","black,dim gray",Dodger Blue,Deep Sky Blue,Black,Dim Gray
141,Leicester City,#1358A1,#FAB92C,EPL,Teal,Orange,Teal,Goldenrod,"dodger blue,deep sky blue","goldenrod,chocolate",Dodger Blue,Deep Sky Blue,Goldenrod,Chocolate
142,Liverpool,#E0202C,#19A78E,EPL,Red,Teal,Crimson,Lightseagreen,"crimson,deep pink","light sea green,turquoise",Crimson,Deep Pink,Light Sea Green,Turquoise
143,Manchester City,#99C5E7,#022A5D,EPL,Silver,Navy,Skyblue,Midnightblue,"sky blue,light blue","navy,dark blue",Sky Blue,Light Blue,Navy,Dark Blue
144,Manchester United,#DC1F29,#000000,EPL,Red,Black,Crimson,Black,"crimson,deep pink","black,dim gray",Crimson,Deep Pink,Black,Dim Gray
145,Newcastle United FC,#000000,#C2A475,EPL,Black,Gray,Black,Darkkhaki,"black,dim gray","burly wood,tan",Black,Dim Gray,Burly Wood,Tan
146,Southampton FC,#D41E29,#FFC20E,EPL,Red,Orange,Crimson,Gold,"crimson,deep pink","gold,orange",Crimson,Deep Pink,Gold,Orange
147,Tottenham Hotspur,#11214B,#11214b,EPL,Navy,Navy,Midnightblue,Midnightblue,"midnight blue,royal blue","midnight blue,royal blue",Midnight Blue,Royal Blue,Midnight Blue,Royal Blue
148,Watford FC,#FEEB00,#000000,EPL,Yellow,Black,Yellow,Black,"yellow,gold","black,dim gray",Yellow,Gold,Black,Dim Gray
149,West Ham United,#7A263A,#2AB2E5,EPL,Maroon,Aqua,Brown,Dodgerblue,"pale violet red,hot pink","dodger blue,light sea green",Pale Violet Red,Hot Pink,Dodger Blue,Light Sea Green
150,Wolverhampton,#231F20,#FDB913,EPL,Black,Orange,Black,Orange,"lavender blush,pink","orange,goldenrod",Lavender Blush,Pink,Orange,Goldenrod
151,Aston Villa,#95bfe5,#670e36,EPL,Silver,Maroon,Skyblue,Maroon,"sky blue,light sky blue","medium violet red,crimson",Sky Blue,Light Sky Blue,Medium Violet Red,Crimson
152,Leeds United,#005B9E,#ffcd00,EPL,Teal,Orange,Teal,Gold,"deep sky blue,dark cyan","gold,orange",Deep Sky Blue,Dark Cyan,Gold,Orange
153,Stoke City FC,#D41E29,#02225f,EPL,Red,Navy,Crimson,Midnightblue,"crimson,deep pink","navy,dark blue",Crimson,Deep Pink,Navy,Dark Blue
154,Swansea City FC,#121212,#000000,EPL,Black,Black,Black,Black,"black,dim gray","black,dim gray",Black,Dim Gray,Black,Dim Gray
155,West Bromwich Albion,#122F67,#122f67,EPL,Navy,Navy,Midnightblue,Midnightblue,"midnight blue,royal blue","midnight blue,royal blue",Midnight Blue,Royal Blue,Midnight Blue,Royal Blue
156,Alavés,#009Ad7,#0761AF,La Liga,Teal,Teal,Dodgerblue,Darkcyan,"deep sky blue,dark turquoise","dodger blue,deep sky blue",Deep Sky Blue,Dark Turquoise,Dodger Blue,Deep Sky Blue
157,Atletico Madrid,#272e61,#CB3524,La Liga,Navy,Red,Midnightblue,Firebrick,"dark slate blue,midnight blue","fire brick,brown",Dark Slate Blue,Midnight Blue,Fire Brick,Brown
158,Barcelona FC,#a40344,#004A99,La Liga,Purple,Teal,Brown,Teal,"medium violet red,crimson","deep sky blue,dodger blue",Medium Violet Red,Crimson,Deep Sky Blue,Dodger Blue
159,Celta Vigo,#E5254E,#8AC3EE,La Liga,Red,Silver,Crimson,Skyblue,"crimson,deep pink",,Crimson,Deep Pink,,
160,Deportivo,#57175E,#A38D44,La Liga,Purple,Gray,Indigo,Peru,"dark orchid,medium orchid","dark khaki,peru",Dark Orchid,Medium Orchid,Dark Khaki,Peru
161,Levante U.D.,#A40344,#004A99,La Liga,Purple,Teal,Brown,Teal,"medium violet red,crimson","deep sky blue,dodger blue",Medium Violet Red,Crimson,Deep Sky Blue,Dodger Blue
162,Real Betis,#0BB363,#E7A614,La Liga,Teal,Orange,Mediumseagreen,Goldenrod,"medium spring green,spring green","goldenrod,dark goldenrod",Medium Spring Green,Spring Green,Goldenrod,Dark Goldenrod
163,Real Madrid CF,#FEBE10,#EE324E,La Liga,Orange,Red,Orange,Crimson,"orange,gold","crimson,deep pink",Orange,Gold,Crimson,Deep Pink
164,Valencia CF,#0097D7,#000000,La Liga,Teal,Black,Dodgerblue,Black,"deep sky blue,dark turquoise","black,dim gray",Deep Sky Blue,Dark Turquoise,Black,Dim Gray
165,A.C. Milan,#000000,#fb090b,Serie A,Black,Red,Black,Red,"black,dim gray","crimson,deep pink",Black,Dim Gray,Crimson,Deep Pink
166,A.S. Roma,#8E1F2F,#F0BC42,Serie A,Maroon,Orange,Brown,Sandybrown,"crimson,medium violet red","peru,goldenrod",Crimson,Medium Violet Red,Peru,Goldenrod
167,Atalanta,#1e71b8,#000000,Serie A,Teal,Black,Steelblue,Black,"dodger blue,royal blue","black,dim gray",Dodger Blue,Royal Blue,Black,Dim Gray
168,Bologna,#1a2f48,#a21c26,Serie A,Navy,Maroon,Darkslategray,Brown,"steel blue,midnight blue","crimson,medium violet red",Steel Blue,Midnight Blue,Crimson,Medium Violet Red
169,Cagliari,#ad002a,#002350,Serie A,Maroon,Navy,Firebrick,Midnightblue,"crimson,deep pink","navy,dark blue",Crimson,Deep Pink,Navy,Dark Blue
170,ChievoVerona,#FFE72C,#0068B0,Serie A,Yellow,Teal,Gold,Darkcyan,"goldenrod,gold","deep sky blue,dodger blue",Goldenrod,Gold,Deep Sky Blue,Dodger Blue
171,Empoli FC,#00579C,#00579C,Serie A,Teal,Teal,Teal,Teal,"deep sky blue,dark cyan","deep sky blue,dark cyan",Deep Sky Blue,Dark Cyan,Deep Sky Blue,Dark Cyan
172,Fiorentina,#482e92,#a29160,Serie A,Purple,Gray,Darkslateblue,Darkkhaki,"dark slate blue,midnight blue","dark khaki,burly wood",Dark Slate Blue,Midnight Blue,Dark Khaki,Burly Wood
173,Inter Milan,#a29161,#0068A8,Serie A,Gray,Teal,Darkkhaki,Darkcyan,"dark khaki,burly wood","deep sky blue,dark cyan",Dark Khaki,Burly Wood,Deep Sky Blue,Dark Cyan
174,Juventus,#000000,#000000,Serie A,Black,Black,Black,Black,"black,dim gray","black,dim gray",Black,Dim Gray,Black,Dim Gray
175,Napoli,#003C82,#12A0D7,Serie A,Navy,Teal,Midnightblue,Dodgerblue,"navy,dark blue","deep sky blue,dodger blue",Navy,Dark Blue,Deep Sky Blue,Dodger Blue
176,Cincinnati,#E00122,#000000,NCAA,Red,Black,Crimson,Black,"crimson,deep pink","black,dim gray",Crimson,Deep Pink,Black,Dim Gray
177,East Carolina,#592A8A,#FDC82F,NCAA,Purple,Orange,Darkslateblue,Gold,"dark orchid,blue violet","goldenrod,chocolate",Dark Orchid,Blue Violet,Goldenrod,Chocolate
178,Houston,#C8102E,#C8102E,NCAA,Red,Red,Crimson,Crimson,"crimson,deep pink","crimson,deep pink",Crimson,Deep Pink,Crimson,Deep Pink
179,Memphis,#003087,#898D8D,NCAA,Navy,Gray,Midnightblue,Gray,"dark blue,navy","azure,light cyan",Dark Blue,Navy,Azure,Light Cyan
180,Navy,#00205B,#C5B783,NCAA,Navy,Silver,Midnightblue,Tan,"navy,dark blue","tan,pale goldenrod",Navy,Dark Blue,Tan,Pale Goldenrod
181,South Florida,#006747,#CFC493,NCAA,Teal,Silver,Darkslategray,Tan,"teal,dark cyan","pale goldenrod,wheat",Teal,Dark Cyan,Pale Goldenrod,Wheat
182,Temple,#9D2235,#9D2235,NCAA,Maroon,Maroon,Brown,Brown,"crimson,medium violet red","crimson,medium violet red",Crimson,Medium Violet Red,Crimson,Medium Violet Red
183,Tulane,#006747,#006747,NCAA,Teal,Teal,Darkslategray,Darkslategray,"teal,dark cyan","teal,dark cyan",Teal,Dark Cyan,Teal,Dark Cyan
184,Tulsa,#002D72,#c8102e,NCAA,Navy,Red,Midnightblue,Crimson,"navy,dark blue","crimson,deep pink",Navy,Dark Blue,Crimson,Deep Pink
185,Wichita State,#000000,#ffcd00,NCAA,Black,Orange,Black,Gold,"black,dim gray","gold,orange",Black,Dim Gray,Gold,Orange
186,Boston College,#98002E,#BC9B6A,NCAA,Maroon,Gray,Brown,Darkkhaki,"crimson,medium violet red","burly wood,tan",Crimson,Medium Violet Red,Burly Wood,Tan
187,Clemson,#f66733,#522d80,NCAA,Orange,Purple,Tomato,Darkslateblue,"tomato,coral","dark slate blue,dark orchid",Tomato,Coral,Dark Slate Blue,Dark Orchid
188,Duke,#001a57,#003366,NCAA,Navy,Navy,Midnightblue,Midnightblue,"navy,dark blue","navy,teal",Navy,Dark Blue,Navy,Teal
189,Florida State,#782f40,#ceb888,NCAA,Purple,Silver,Brown,Tan,"pale violet red,hot pink","tan,burly wood",Pale Violet Red,Hot Pink,Tan,Burly Wood
190,Georgia Tech,#eeb211,#262626,NCAA,Orange,Black,Orange,Darkslategray,"goldenrod,orange","black,dim gray",Goldenrod,Orange,Black,Dim Gray
191,Louisville,#Ad0000,#000000,NCAA,Maroon,Black,Darkred,Black,"dark red,maroon","black,dim gray",Dark Red,Maroon,Black,Dim Gray
192,Miami,#f47321,#005030,NCAA,Orange,Green,Chocolate,Darkgreen,"chocolate,orange red","teal,dark cyan",Chocolate,Orange Red,Teal,Dark Cyan
193,North Carolina,#4b9cd3,#13294b,NCAA,Gray,Navy,Cornflowerblue,Midnightblue,"steel blue,cornflower blue","midnight blue,steel blue",Steel Blue,Cornflower Blue,Midnight Blue,Steel Blue
194,North Carolina State,#cc0000,#000000,NCAA,Red,Black,Red,Black,"red,dark red","black,dim gray",Red,Dark Red,Black,Dim Gray
195,Notre Dame,#0c2340,#c99700,NCAA,Navy,Orange,Midnightblue,Darkgoldenrod,"midnight blue,steel blue","dark goldenrod,gold",Midnight Blue,Steel Blue,Dark Goldenrod,Gold
196,Pittsburgh,#003594,#FFB81C,NCAA,Navy,Orange,Midnightblue,Orange,"dark blue,navy","goldenrod,orange",Dark Blue,Navy,Goldenrod,Orange
197,Syracuse,#d44500,#3e3d3c,NCAA,Red,Black,Orangered,Darkslategray,"orange red,dark orange","dim gray,black",Orange Red,Dark Orange,Dim Gray,Black
198,Virginia,#232D4b,#e57200,NCAA,Navy,Orange,Darkslategray,Chocolate,"dark slate blue,steel blue","dark orange,orange",Dark Slate Blue,Steel Blue,Dark Orange,Orange
199,Virginia Tech,#8a1e41,#ee7623,NCAA,Purple,Orange,Brown,Chocolate,"crimson,medium violet red","chocolate,goldenrod",Crimson,Medium Violet Red,Chocolate,Goldenrod
200,Wake Forest,#a67f31,#000000,NCAA,Olive,Black,Peru,Black,"peru,sienna","black,dim gray",Peru,Sienna,Black,Dim Gray
201,Davidson,#AC1A2F,#000000,NCAA,Maroon,Black,Firebrick,Black,"crimson,medium violet red","black,dim gray",Crimson,Medium Violet Red,Black,Dim Gray
202,Dayton,#CE1141,#004B8D,NCAA,Red,Teal,Crimson,Teal,"crimson,deep pink","deep sky blue,dark cyan",Crimson,Deep Pink,Deep Sky Blue,Dark Cyan
203,Duquesne,#041E42,#BA0C2F,NCAA,Navy,Maroon,Midnightblue,Firebrick,"navy,dark blue","crimson,deep pink",Navy,Dark Blue,Crimson,Deep Pink
204,Fordham,#860038,#860038,NCAA,Maroon,Maroon,Brown,Brown,"medium violet red,crimson","medium violet red,crimson",Medium Violet Red,Crimson,Medium Violet Red,Crimson
205,George Mason,#006633,#FFCC33,NCAA,Green,Orange,Darkgreen,Gold,"dark green,teal","goldenrod,chocolate",Dark Green,Teal,Goldenrod,Chocolate
206,George Washington,#002654,#E2CB92,NCAA,Navy,Silver,Midnightblue,Burlywood,"navy,dark blue","tan,navajo white",Navy,Dark Blue,Tan,Navajo White
207,La Salle,#003366,#FFCC00,NCAA,Navy,Orange,Midnightblue,Gold,"navy,teal","gold,orange",Navy,Teal,Gold,Orange
208,UMass,#971B2F,#572932,NCAA,Maroon,Maroon,Brown,Darkslategray,"crimson,medium violet red","pale violet red,hot pink",Crimson,Medium Violet Red,Pale Violet Red,Hot Pink
209,Rhode Island,#002147,#68ABE8,NCAA,Navy,Silver,Midnightblue,Cornflowerblue,"navy,dark blue","cornflower blue,steel blue",Navy,Dark Blue,Cornflower Blue,Steel Blue
210,Richmond,#000066,#990000,NCAA,Navy,Maroon,Navy,Darkred,"navy,dark blue","dark red,maroon",Navy,Dark Blue,Dark Red,Maroon
211,St. Bonaventure,#54261A,#FDB726,NCAA,Maroon,Orange,Saddlebrown,Goldenrod,"sienna,brown","goldenrod,chocolate",Sienna,Brown,Goldenrod,Chocolate
212,St. Joseph’s,#9E1B32,#6C6F70,NCAA,Maroon,Gray,Brown,Dimgray,"crimson,medium violet red","slate gray,light slate gray",Crimson,Medium Violet Red,Slate Gray,Light Slate Gray
213,St. Louis,#003DA5,#C8C9C7,NCAA,Navy,Silver,Darkblue,Silver,"dark blue,navy","honeydew,ivory",Dark Blue,Navy,Honeydew,Ivory
214,VCU,#FFB300,#000000,NCAA,Orange,Black,Orange,Black,"orange,gold","black,dim gray",Orange,Gold,Black,Dim Gray
215,Eastern Washington,#a10022,#000000,NCAA,Maroon,Black,Firebrick,Black,"crimson,medium violet red","black,dim gray",Crimson,Medium Violet Red,Black,Dim Gray
216,Idaho,#B3A369,#000000,NCAA,Gray,Black,Darkkhaki,Black,"dark khaki,khaki","black,dim gray",Dark Khaki,Khaki,Black,Dim Gray
217,Idaho State,#660033,#999999,NCAA,Maroon,Gray,Maroon,Darkgray,"medium violet red,purple","dark gray,gray",Medium Violet Red,Purple,Dark Gray,Gray
218,Montana,#660033,#999999,NCAA,Maroon,Gray,Maroon,Darkgray,"medium violet red,purple","dark gray,gray",Medium Violet Red,Purple,Dark Gray,Gray
219,Montana State,#00205B,#B9975B,NCAA,Navy,Gray,Midnightblue,Darkkhaki,"navy,dark blue","burly wood,dark khaki",Navy,Dark Blue,Burly Wood,Dark Khaki
220,Northern Arizona,#003466,#ffd200,NCAA,Navy,Orange,Midnightblue,Gold,"teal,dark cyan","gold,orange",Teal,Dark Cyan,Gold,Orange
221,Northern Colorado,#013C65,#F6B000,NCAA,Navy,Orange,Midnightblue,Orange,"teal,dark cyan","orange,gold",Teal,Dark Cyan,Orange,Gold
222,Portland State,#154734,#154734,NCAA,Green,Green,Darkslategray,Darkslategray,"sea green,medium sea green","sea green,medium sea green",Sea Green,Medium Sea Green,Sea Green,Medium Sea Green
223,Sacramento State,#043927,#C4B581,NCAA,Black,Silver,Darkgreen,Tan,"teal,dark cyan","tan,pale goldenrod",Teal,Dark Cyan,Tan,Pale Goldenrod
224,Southern Utah,#C41425,#000000,NCAA,Red,Black,Firebrick,Black,"crimson,deep pink","black,dim gray",Crimson,Deep Pink,Black,Dim Gray
225,Weber State,#4B2682,#a1a1a4,NCAA,Purple,Silver,Darkslateblue,Darkgray,"dark orchid,dark slate blue","ghost white,lavender",Dark Orchid,Dark Slate Blue,Ghost White,Lavender
226,Illinois,#13294B,#e84a27,NCAA,Navy,Red,Midnightblue,Chocolate,"midnight blue,steel blue","chocolate,tomato",Midnight Blue,Steel Blue,Chocolate,Tomato
227,Indiana,#990000,#eeedeb,NCAA,Maroon,White,Darkred,Linen,"dark red,maroon","floral white,old lace",Dark Red,Maroon,Floral White,Old Lace
228,Iowa,#ffcd00,#000000,NCAA,Orange,Black,Gold,Black,"gold,orange","black,dim gray",Gold,Orange,Black,Dim Gray
229,Maryland,#e03a3e,#ffd520,NCAA,Red,Yellow,Crimson,Gold,"crimson,hot pink","goldenrod,gold",Crimson,Hot Pink,Goldenrod,Gold
230,Michigan,#00274c,#ffcb05,NCAA,Navy,Orange,Midnightblue,Gold,"teal,dark cyan","gold,orange",Teal,Dark Cyan,Gold,Orange
231,Michigan State,#18453b,#d1d1d1,NCAA,Green,Silver,Darkslategray,Lightgray,"sea green,medium sea green","light gray,gainsboro",Sea Green,Medium Sea Green,Light Gray,Gainsboro
232,Minnesota,#7a0019,#ffcc33,NCAA,Maroon,Orange,Maroon,Gold,"crimson,medium violet red","goldenrod,chocolate",Crimson,Medium Violet Red,Goldenrod,Chocolate
233,Nebraska,#c8102e,#000000,NCAA,Red,Black,Crimson,Black,"crimson,deep pink","black,dim gray",Crimson,Deep Pink,Black,Dim Gray
234,Northwestern,#4e2a84,#4e2a84,NCAA,Purple,Purple,Darkslateblue,Darkslateblue,"dark slate blue,dark orchid","dark slate blue,dark orchid",Dark Slate Blue,Dark Orchid,Dark Slate Blue,Dark Orchid
235,Ohio State,#bb0000,#666666,NCAA,Maroon,Gray,Darkred,Dimgray,"dark red,maroon","dim gray,gray",Dark Red,Maroon,Dim Gray,Gray
236,Penn State,#093162,#000000,NCAA,Navy,Black,Midnightblue,Black,"navy,dark blue","black,dim gray",Navy,Dark Blue,Black,Dim Gray
237,Purdue,#000000,#c28e0e,NCAA,Black,Orange,Black,Darkgoldenrod,"black,dim gray","dark goldenrod,goldenrod",Black,Dim Gray,Dark Goldenrod,Goldenrod
238,Rutgers,#cc0033,#5f6a72,NCAA,Red,Gray,Crimson,Dimgray,"crimson,deep pink","slate gray,light slate gray",Crimson,Deep Pink,Slate Gray,Light Slate Gray
239,Wisconsin,#c50505,#000000,NCAA,Red,Black,Firebrick,Black,"red,dark red","black,dim gray",Red,Dark Red,Black,Dim Gray
240,Charlotte,#046A38,#B9975B,NCAA,Green,Gray,Forestgreen,Darkkhaki,"teal,dark cyan","burly wood,dark khaki",Teal,Dark Cyan,Burly Wood,Dark Khaki
241,Florida Atlantic (FAU),#003366,#cc0000,NCAA,Navy,Red,Midnightblue,Red,"navy,teal","red,dark red",Navy,Teal,Red,Dark Red
242,Florida International (FIU),#081E3F,#B6862C,NCAA,Black,Olive,Midnightblue,Peru,"midnight blue,navy","peru,goldenrod",Midnight Blue,Navy,Peru,Goldenrod
243,Louisiana Tech,#E31B23,#002F8B,NCAA,Red,Navy,Crimson,Midnightblue,"crimson,deep pink","dark blue,navy",Crimson,Deep Pink,Dark Blue,Navy
244,Marshall,#00B140,#27251F,NCAA,Teal,Black,Limegreen,Black,"spring green,medium spring green","tan,pale goldenrod",Spring Green,Medium Spring Green,Tan,Pale Goldenrod
245,Middle Tennessee,#0066CC,#000000,NCAA,Teal,Black,Royalblue,Black,"deep sky blue,dodger blue","black,dim gray",Deep Sky Blue,Dodger Blue,Black,Dim Gray
246,North Texas,#00853E,#000000,NCAA,Green,Black,Forestgreen,Black,"spring green,medium spring green","black,dim gray",Spring Green,Medium Spring Green,Black,Dim Gray
247,Old Dominion,#003057,#7C878E,NCAA,Navy,Gray,Midnightblue,Lightslategray,"teal,dark cyan","slate gray,light slate gray",Teal,Dark Cyan,Slate Gray,Light Slate Gray
248,Rice,#00205B,#C1C6C8,NCAA,Navy,Silver,Midnightblue,Silver,"navy,dark blue","alice blue,azure",Navy,Dark Blue,Alice Blue,Azure
249,Southern Miss,#000000,#FFAB00,NCAA,Black,Orange,Black,Orange,"black,dim gray","orange,dark orange",Black,Dim Gray,Orange,Dark Orange
250,UAB,#006341,#CC8A00,NCAA,Teal,Orange,Darkslategray,Darkgoldenrod,"teal,dark cyan","dark goldenrod,orange",Teal,Dark Cyan,Dark Goldenrod,Orange
251,UTEP,#FF8200,#041E42,NCAA,Orange,Navy,Darkorange,Midnightblue,"dark orange,orange","navy,dark blue",Dark Orange,Orange,Navy,Dark Blue
252,UTSA,#F15A22,#0C2340,NCAA,Orange,Navy,Chocolate,Midnightblue,"chocolate,orange red","midnight blue,steel blue",Chocolate,Orange Red,Midnight Blue,Steel Blue
253,WKU,#c60c30,#1e1e1e,NCAA,Red,Black,Crimson,Black,"crimson,deep pink","black,dim gray",Crimson,Deep Pink,Black,Dim Gray
254,Brown,#4E3629,#e4002b,NCAA,Maroon,Red,Darkolivegreen,Crimson,"dark salmon,burly wood","crimson,deep pink",Dark Salmon,Burly Wood,Crimson,Deep Pink
255,Columbia,#003865,#9BCBEB,NCAA,Navy,Silver,Midnightblue,Skyblue,"teal,dark cyan","sky blue,light blue",Teal,Dark Cyan,Sky Blue,Light Blue
256,Cornell,#B31B1B,#000000,NCAA,Maroon,Black,Firebrick,Black,"fire brick,brown","black,dim gray",Fire Brick,Brown,Black,Dim Gray
257,Dartmouth,#046A38,#000000,NCAA,Green,Black,Forestgreen,Black,"teal,dark cyan","black,dim gray",Teal,Dark Cyan,Black,Dim Gray
258,Harvard,#A41034,#000000,NCAA,Maroon,Black,Brown,Black,"crimson,medium violet red","black,dim gray",Crimson,Medium Violet Red,Black,Dim Gray
259,Penn,#011F5B,#990000,NCAA,Navy,Maroon,Midnightblue,Darkred,"navy,dark blue","dark red,maroon",Navy,Dark Blue,Dark Red,Maroon
260,Princeton,#FF671F,#000000,NCAA,Orange,Black,Tomato,Black,"chocolate,orange red","black,dim gray",Chocolate,Orange Red,Black,Dim Gray
261,Yale,#00356B,#00356B,NCAA,Navy,Navy,Midnightblue,Midnightblue,"navy,dark blue","navy,dark blue",Navy,Dark Blue,Navy,Dark Blue
262,Akron,#041E42,#A89969,NCAA,Navy,Gray,Midnightblue,Darkkhaki,"navy,dark blue","dark khaki,tan",Navy,Dark Blue,Dark Khaki,Tan
263,Bowling Green,#4F2C1D,#FE5000,NCAA,Maroon,Red,Saddlebrown,Orangered,"sienna,brown","orange red,dark orange",Sienna,Brown,Orange Red,Dark Orange
264,Buffalo,#005BBB,#FE5000,NCAA,Teal,Red,Darkcyan,Orangered,"deep sky blue,dodger blue","orange red,dark orange",Deep Sky Blue,Dodger Blue,Orange Red,Dark Orange
265,Kent State,#002664,#EAAB00,NCAA,Navy,Orange,Midnightblue,Orange,"navy,dark blue","orange,gold",Navy,Dark Blue,Orange,Gold
266,Miami,#B61E2E,#000000,NCAA,Maroon,Black,Firebrick,Black,"crimson,medium violet red","black,dim gray",Crimson,Medium Violet Red,Black,Dim Gray
267,Ohio,#00694E,#CDA077,NCAA,Teal,Silver,Darkslategray,Tan,"teal,dark cyan","burly wood,tan",Teal,Dark Cyan,Burly Wood,Tan
268,Ball State,#BA0C2F,#000000,NCAA,Maroon,Black,Firebrick,Black,"crimson,deep pink","black,dim gray",Crimson,Deep Pink,Black,Dim Gray
269,Central Michigan,#6A0032,#6A0032,NCAA,Maroon,Maroon,Maroon,Maroon,"medium violet red,purple","medium violet red,purple",Medium Violet Red,Purple,Medium Violet Red,Purple
270,Eastern Michigan,#006633,#000000,NCAA,Green,Black,Darkgreen,Black,"dark green,teal","black,dim gray",Dark Green,Teal,Black,Dim Gray
271,Northern Illinois,#BA0C2F,#8A8D8F,NCAA,Maroon,Gray,Firebrick,Lightslategray,"crimson,deep pink","alice blue,slate gray",Crimson,Deep Pink,Alice Blue,Slate Gray
272,Toledo,#15397F,#FFDA00,NCAA,Navy,Yellow,Midnightblue,Gold,"midnight blue,royal blue","gold,yellow",Midnight Blue,Royal Blue,Gold,Yellow
273,Western Michigan,#15397F,#B5A167,NCAA,Navy,Gray,Midnightblue,Darkkhaki,"midnight blue,royal blue","dark khaki,burly wood",Midnight Blue,Royal Blue,Dark Khaki,Burly Wood
274,Air Force,#003087,#B1B3B3,NCAA,Navy,Silver,Midnightblue,Darkgray,"dark blue,navy","azure,light cyan",Dark Blue,Navy,Azure,Light Cyan
275,Boise State,#0033A0,#d64309,NCAA,Navy,Red,Darkblue,Orangered,"dark blue,navy","orange red,chocolate",Dark Blue,Navy,Orange Red,Chocolate
276,Colorado State,#1E4D2B,#C8C372,NCAA,Green,Silver,Darkslategray,Darkkhaki,"sea green,medium sea green","dark khaki,khaki",Sea Green,Medium Sea Green,Dark Khaki,Khaki
277,Fresno State,#db0032,#002E6d,NCAA,Red,Navy,Crimson,Midnightblue,"crimson,deep pink","navy,dark blue",Crimson,Deep Pink,Navy,Dark Blue
278,Hawaii,#024731,#c8c8c8,NCAA,Green,Silver,Darkslategray,Silver,"teal,dark cyan","silver,light gray",Teal,Dark Cyan,Silver,Light Gray
279,Nevada,#003366,#807F84,NCAA,Navy,Gray,Midnightblue,Gray,"navy,teal","lavender,ghost white",Navy,Teal,Lavender,Ghost White
280,New Mexico,#Ba0c2f,#63666A,NCAA,Maroon,Gray,Firebrick,Dimgray,"crimson,deep pink","slate gray,light slate gray",Crimson,Deep Pink,Slate Gray,Light Slate Gray
281,San Diego State,#A6192E,#000000,NCAA,Maroon,Black,Brown,Black,"crimson,medium violet red","black,dim gray",Crimson,Medium Violet Red,Black,Dim Gray
282,San Jose State,#0055A2,#e5A823,NCAA,Teal,Orange,Teal,Goldenrod,"deep sky blue,dodger blue","goldenrod,dark goldenrod",Deep Sky Blue,Dodger Blue,Goldenrod,Dark Goldenrod
283,UNLV,#b10202,#666666,NCAA,Maroon,Gray,Darkred,Dimgray,"dark red,maroon","dim gray,gray",Dark Red,Maroon,Dim Gray,Gray
284,Utah State,#0F2439,#9d968d,NCAA,Black,Gray,Midnightblue,Rosybrown,"steel blue,midnight blue","linen,antique white",Steel Blue,Midnight Blue,Linen,Antique White
285,Wyoming,#492f24,#ffc425,NCAA,Maroon,Orange,Darkslategray,Gold,"indian red,sienna","goldenrod,dark goldenrod",Indian Red,Sienna,Goldenrod,Dark Goldenrod
286,Bucknell,#E87722,#003865,NCAA,Orange,Navy,Chocolate,Midnightblue,"chocolate,goldenrod","teal,dark cyan",Chocolate,Goldenrod,Teal,Dark Cyan
287,Colgate,#821019,#5A646E,NCAA,Maroon,Gray,Maroon,Dimgray,"crimson,medium violet red","slate gray,light slate gray",Crimson,Medium Violet Red,Slate Gray,Light Slate Gray
288,Holy Cross,#602d89,#602d89,NCAA,Purple,Purple,Darkslateblue,Darkslateblue,"dark orchid,medium orchid","dark orchid,medium orchid",Dark Orchid,Medium Orchid,Dark Orchid,Medium Orchid
289,Chattanooga,#00386B,#E0AA0F,NCAA,Navy,Orange,Midnightblue,Goldenrod,"teal,dark cyan","dark goldenrod,goldenrod",Teal,Dark Cyan,Dark Goldenrod,Goldenrod
290,ETSU,#041E42,#FFC72C,NCAA,Navy,Orange,Midnightblue,Gold,"navy,dark blue","goldenrod,chocolate",Navy,Dark Blue,Goldenrod,Chocolate
291,Mercer,#F76800,#000000,NCAA,Orange,Black,Orangered,Black,"dark orange,orange red","black,dim gray",Dark Orange,Orange Red,Black,Dim Gray
292,Furman,#201547,#582C83,NCAA,Navy,Purple,Midnightblue,Darkslateblue,"midnight blue,dark slate blue","dark orchid,dark slate blue",Midnight Blue,Dark Slate Blue,Dark Orchid,Dark Slate Blue
293,Samford,#002649,#c4161d,NCAA,Navy,Red,Midnightblue,Firebrick,"teal,dark cyan","crimson,deep pink",Teal,Dark Cyan,Crimson,Deep Pink
294,The Citadel,#3975B7,#1F3A60,NCAA,Teal,Navy,Steelblue,Darkslategray,"steel blue,royal blue","steel blue,midnight blue",Steel Blue,Royal Blue,Steel Blue,Midnight Blue
295,UNC Greensboro,#0f2044,#ffb71b,NCAA,Navy,Orange,Midnightblue,Orange,"midnight blue,royal blue","goldenrod,orange",Midnight Blue,Royal Blue,Goldenrod,Orange
296,VMI,#A71F23,#ffd520,NCAA,Maroon,Yellow,Firebrick,Gold,"crimson,medium violet red","goldenrod,gold",Crimson,Medium Violet Red,Goldenrod,Gold
297,Western Carolina,#592C88,#C1A875,NCAA,Purple,Gray,Darkslateblue,Darkkhaki,"dark orchid,dark slate blue","burly wood,tan",Dark Orchid,Dark Slate Blue,Burly Wood,Tan
298,Wofford,#886E4C,#000000,NCAA,Gray,Black,Dimgray,Black,"burly wood,tan","black,dim gray",Burly Wood,Tan,Black,Dim Gray
299,Appalachian State,#222222,#FFCC00,NCAA,Black,Orange,Black,Gold,"black,dim gray","gold,orange",Black,Dim Gray,Gold,Orange
300,Arkansas Little-Rock,#6E2639,#A7A9AC,NCAA,Maroon,Silver,Saddlebrown,Darkgray,"pale violet red,hot pink","alice blue,light steel blue",Pale Violet Red,Hot Pink,Alice Blue,Light Steel Blue
301,Arkansas State,#CC092F,#000000,NCAA,Red,Black,Crimson,Black,"crimson,deep pink","black,dim gray",Crimson,Deep Pink,Black,Dim Gray
302,Coastal Carolina,#006F71,#A27752,NCAA,Teal,Gray,Teal,Peru,"teal,dark cyan","dark salmon,burly wood",Teal,Dark Cyan,Dark Salmon,Burly Wood
303,Georgia Southern,#011E41,#A3AAAE,NCAA,Navy,Silver,Midnightblue,Darkgray,"navy,dark blue","alice blue,light slate gray",Navy,Dark Blue,Alice Blue,Light Slate Gray
304,Georgia State,#0039A6,#C60C30,NCAA,Navy,Red,Darkblue,Crimson,"dark blue,navy","crimson,deep pink",Dark Blue,Navy,Crimson,Deep Pink
305,Louisiana,#CE181E,#0A0203,NCAA,Red,Black,Firebrick,Black,"crimson,deep pink","crimson,medium violet red",Crimson,Deep Pink,Crimson,Medium Violet Red
306,Louisiana-Monroe,#800029,#BD955A,NCAA,Maroon,Gray,Maroon,Peru,"crimson,medium violet red","sandy brown,burly wood",Crimson,Medium Violet Red,Sandy Brown,Burly Wood
307,South Alabama,#00205B,#BF0D3E,NCAA,Navy,Maroon,Midnightblue,Crimson,"navy,dark blue","crimson,deep pink",Navy,Dark Blue,Crimson,Deep Pink
308,Texas Arlington,#0064B1,#F58025,NCAA,Teal,Orange,Darkcyan,Darkorange,"deep sky blue,dodger blue","chocolate,goldenrod",Deep Sky Blue,Dodger Blue,Chocolate,Goldenrod
309,Texas State,#501214,#8d734a,NCAA,Maroon,Gray,Maroon,Sienna,"crimson,medium violet red","burly wood,dark khaki",Crimson,Medium Violet Red,Burly Wood,Dark Khaki
310,BYU,#002255,#C5AF7D,NCAA,Navy,Silver,Midnightblue,Tan,"navy,dark blue","tan,burly wood",Navy,Dark Blue,Tan,Burly Wood
311,Gonzaga,#041E42,#C8102E,NCAA,Navy,Red,Midnightblue,Crimson,"navy,dark blue","crimson,deep pink",Navy,Dark Blue,Crimson,Deep Pink
312,Loyola Marymount,#B62B3A,#00447C,NCAA,Maroon,Teal,Brown,Midnightblue,"crimson,medium violet red","teal,dark cyan",Crimson,Medium Violet Red,Teal,Dark Cyan
313,Pacific,#E35205,#231F20,NCAA,Red,Black,Orangered,Black,"orange red,dark orange","lavender blush,pink",Orange Red,Dark Orange,Lavender Blush,Pink
314,Pepperdine,#00205C,#EE7624,NCAA,Navy,Orange,Midnightblue,Chocolate,"navy,dark blue","chocolate,goldenrod",Navy,Dark Blue,Chocolate,Goldenrod
315,Portland,#1E1656,#5E6A71,NCAA,Navy,Gray,Midnightblue,Dimgray,"midnight blue,dark slate blue","slate gray,light slate gray",Midnight Blue,Dark Slate Blue,Slate Gray,Light Slate Gray
316,Saint Mary’s,#06315B,#D80024,NCAA,Navy,Red,Midnightblue,Crimson,"teal,navy","crimson,deep pink",Teal,Navy,Crimson,Deep Pink
317,San Diego,#002868,#84BCE8,NCAA,Navy,Silver,Midnightblue,Skyblue,"navy,dark blue","light sky blue,sky blue",Navy,Dark Blue,Light Sky Blue,Sky Blue
318,San Francisco,#00543C,#FDBB30,NCAA,Green,Orange,Darkslategray,Goldenrod,"teal,dark cyan","goldenrod,chocolate",Teal,Dark Cyan,Goldenrod,Chocolate
319,Santa Clara,#862633,#862633,NCAA,Maroon,Maroon,Brown,Brown,"crimson,pale violet red","crimson,pale violet red",Crimson,Pale Violet Red,Crimson,Pale Violet Red
320,Albany,#461660,#EEB211,NCAA,Purple,Orange,Indigo,Orange,"dark orchid,blue violet","goldenrod,orange",Dark Orchid,Blue Violet,Goldenrod,Orange
321,Binghamton,#005A43,#B1B3B3,NCAA,Teal,Silver,Darkslategray,Darkgray,"teal,dark cyan","azure,light cyan",Teal,Dark Cyan,Azure,Light Cyan
322,Hartford,#C02427,#000000,NCAA,Red,Black,Firebrick,Black,"crimson,deep pink","black,dim gray",Crimson,Deep Pink,Black,Dim Gray
323,Maine,#003263,#B0D7FF,NCAA,Navy,Silver,Midnightblue,Lightblue,"teal,dark cyan","light steel blue,light blue",Teal,Dark Cyan,Light Steel Blue,Light Blue
324,New Hampshire,#041E42,#BBBCBC,NCAA,Navy,Silver,Midnightblue,Silver,"navy,dark blue","azure,light cyan",Navy,Dark Blue,Azure,Light Cyan
325,Stony Brook,#990000,#16243E,NCAA,Maroon,Black,Darkred,Midnightblue,"dark red,maroon","steel blue,midnight blue",Dark Red,Maroon,Steel Blue,Midnight Blue
326,Umass Lowell,#003DA5,#C8102E,NCAA,Navy,Red,Darkblue,Crimson,"dark blue,navy","crimson,deep pink",Dark Blue,Navy,Crimson,Deep Pink
327,UMBC,#B18906,#FFC20E,NCAA,Olive,Orange,Darkgoldenrod,Gold,"dark goldenrod,gold","gold,orange",Dark Goldenrod,Gold,Gold,Orange
328,Vermont,#154734,#FFC72C,NCAA,Green,Orange,Darkslategray,Gold,"sea green,medium sea green","goldenrod,chocolate",Sea Green,Medium Sea Green,Goldenrod,Chocolate
329,Florida Gulf Coast,#002d72,#007749,NCAA,Navy,Teal,Midnightblue,Seagreen,"navy,dark blue","teal,dark cyan",Navy,Dark Blue,Teal,Dark Cyan
330,Jacksonville,#004E44,#898A8D,NCAA,Teal,Gray,Darkslategray,Gray,"teal,dark cyan","lavender,ghost white",Teal,Dark Cyan,Lavender,Ghost White
331,Kennesaw State,#FDBB30,#0B1315,NCAA,Orange,Black,Goldenrod,Black,"goldenrod,chocolate","dark slate gray,cadet blue",Goldenrod,Chocolate,Dark Slate Gray,Cadet Blue
332,Lipscomb University,#331E54,#F4AA00,NCAA,Navy,Orange,Midnightblue,Orange,"dark slate blue,midnight blue","orange,gold",Dark Slate Blue,Midnight Blue,Orange,Gold
333,North Alabama,#46166B,#DB9F11,NCAA,Purple,Orange,Indigo,Goldenrod,"dark orchid,blue violet","dark goldenrod,goldenrod",Dark Orchid,Blue Violet,Dark Goldenrod,Goldenrod
334,NJIT,#D22630,#071D49,NCAA,Red,Navy,Crimson,Midnightblue,"crimson,deep pink","navy,dark blue",Crimson,Deep Pink,Navy,Dark Blue
335,North Florida,#00246B,#D9D9D9,NCAA,Navy,Silver,Midnightblue,Gainsboro,"navy,dark blue","gainsboro,light gray",Navy,Dark Blue,Gainsboro,Light Gray
336,South Carolina Upstate,#00703C,#000000,NCAA,Green,Black,Forestgreen,Black,"teal,dark cyan","black,dim gray",Teal,Dark Cyan,Black,Dim Gray
337,Stetson,#00703C,#B58150,NCAA,Green,Gray,Forestgreen,Peru,"teal,dark cyan","sandy brown,peru",Teal,Dark Cyan,Sandy Brown,Peru
338,Butler,#13294B,#747678,NCAA,Navy,Gray,Midnightblue,Gray,"midnight blue,steel blue","slate gray,light slate gray",Midnight Blue,Steel Blue,Slate Gray,Light Slate Gray
339,Creighton,#005CA9,#00235D,NCAA,Teal,Navy,Teal,Midnightblue,"deep sky blue,dodger blue","navy,dark blue",Deep Sky Blue,Dodger Blue,Navy,Dark Blue
340,DePaul,#005EB8,#E4002B,NCAA,Teal,Red,Darkcyan,Crimson,"deep sky blue,dodger blue","crimson,deep pink",Deep Sky Blue,Dodger Blue,Crimson,Deep Pink
341,Georgetown,#041e42,#8D817B,NCAA,Navy,Gray,Midnightblue,Gray,"navy,dark blue","linen,seashell",Navy,Dark Blue,Linen,Seashell
342,Marquette,#003366,#ffcc00,NCAA,Navy,Orange,Midnightblue,Gold,"navy,teal","gold,orange",Navy,Teal,Gold,Orange
343,Providence,#000000,#8a8d8f,NCAA,Black,Gray,Black,Lightslategray,"black,dim gray","alice blue,slate gray",Black,Dim Gray,Alice Blue,Slate Gray
344,Seton Hall,#004488,#A2AAAD,NCAA,Teal,Silver,Midnightblue,Darkgray,"deep sky blue,dark blue","alice blue,azure",Deep Sky Blue,Dark Blue,Alice Blue,Azure
345,St. John’s,#BA0C2F,#041c2c,NCAA,Maroon,Black,Firebrick,Black,"crimson,deep pink","teal,dark cyan",Crimson,Deep Pink,Teal,Dark Cyan
346,Villanova,#00205B,#13B5EA,NCAA,Navy,Aqua,Midnightblue,Deepskyblue,"navy,dark blue","deep sky blue,dodger blue",Navy,Dark Blue,Deep Sky Blue,Dodger Blue
347,Xavier,#0c2340,#9ea2a2,NCAA,Navy,Silver,Midnightblue,Darkgray,"midnight blue,steel blue","azure,light cyan",Midnight Blue,Steel Blue,Azure,Light Cyan
348,Cal Poly,#003831,#ffe395,NCAA,Black,Silver,Darkslategray,Khaki,"teal,dark cyan","khaki,burly wood",Teal,Dark Cyan,Khaki,Burly Wood
349,Cal State Fullerton,#00274C,#dc8218,NCAA,Navy,Orange,Midnightblue,Chocolate,"teal,dark cyan","chocolate,goldenrod",Teal,Dark Cyan,Chocolate,Goldenrod
350,CSUN,#CE1126,#d1cec6,NCAA,Red,Silver,Crimson,Lightgray,"crimson,deep pink","floral white,old lace",Crimson,Deep Pink,Floral White,Old Lace
351,Hawaii,#154734,#CCCCCC,NCAA,Green,Silver,Darkslategray,Lightgray,"sea green,medium sea green","light gray,silver",Sea Green,Medium Sea Green,Light Gray,Silver
352,Long Beach State,#000000,#FFC72A,NCAA,Black,Orange,Black,Gold,"black,dim gray","goldenrod,dark goldenrod",Black,Dim Gray,Goldenrod,Dark Goldenrod
353,UC Davis,#002855,#b3a369,NCAA,Navy,Gray,Midnightblue,Darkkhaki,"navy,dark blue","dark khaki,khaki",Navy,Dark Blue,Dark Khaki,Khaki
354,UC Irvine,#0C2340,#ffc72c,NCAA,Navy,Orange,Midnightblue,Gold,"midnight blue,steel blue","goldenrod,chocolate",Midnight Blue,Steel Blue,Goldenrod,Chocolate
355,UC Riverside,#2D6CC0,#f1ab00,NCAA,Teal,Orange,Steelblue,Orange,"royal blue,dodger blue","orange,gold",Royal Blue,Dodger Blue,Orange,Gold
356,UC Santa Barbara,#003660,#FEBC11,NCAA,Navy,Orange,Midnightblue,Orange,"teal,dark cyan","orange,gold",Teal,Dark Cyan,Orange,Gold
357,Baylor,#1d3c34,#ffb81c,NCAA,Black,Orange,Darkslategray,Orange,"dark slate gray,cadet blue","goldenrod,orange",Dark Slate Gray,Cadet Blue,Goldenrod,Orange
358,Iowa State,#c8102e,#f1be48,NCAA,Red,Orange,Crimson,Sandybrown,"crimson,deep pink","peru,sandy brown",Crimson,Deep Pink,Peru,Sandy Brown
359,Kansas,#0051ba,#e8000d,NCAA,Teal,Red,Teal,Red,"dodger blue,deep sky blue","crimson,deep pink",Dodger Blue,Deep Sky Blue,Crimson,Deep Pink
360,Kansas State,#512888,#a7a7a7,NCAA,Purple,Silver,Darkslateblue,Darkgray,"dark orchid,blue violet","dark gray,silver",Dark Orchid,Blue Violet,Dark Gray,Silver
361,Oklahoma,#841617,#fdf9d8,NCAA,Maroon,White,Maroon,Cornsilk,"crimson,medium violet red","cornsilk,light goldenrod yellow",Crimson,Medium Violet Red,Cornsilk,Light Goldenrod Yellow
362,Oklahoma State,#ff7300,#000000,NCAA,Orange,Black,Darkorange,Black,"dark orange,orange red","black,dim gray",Dark Orange,Orange Red,Black,Dim Gray
363,Texas,#bf5700,#333f48,NCAA,Olive,Navy,Chocolate,Darkslategray,"dark orange,dark goldenrod","slate gray,light slate gray",Dark Orange,Dark Goldenrod,Slate Gray,Light Slate Gray
364,Texas Christian,#4d1979,#a3a9ac,NCAA,Purple,Silver,Indigo,Darkgray,"dark orchid,blue violet","alice blue,light slate gray",Dark Orchid,Blue Violet,Alice Blue,Light Slate Gray
365,Texas Tech,#cc0000,#000000,NCAA,Red,Black,Red,Black,"red,dark red","black,dim gray",Red,Dark Red,Black,Dim Gray
366,West Virginia,#002855,#eaaa00,NCAA,Navy,Orange,Midnightblue,Orange,"navy,dark blue","orange,gold",Navy,Dark Blue,Orange,Gold
367,Cleveland State,#006747,#000000,NCAA,Teal,Black,Darkslategray,Black,"teal,dark cyan","black,dim gray",Teal,Dark Cyan,Black,Dim Gray
368,Detroit Mercy,#A6093D,#002d72,NCAA,Maroon,Navy,Brown,Midnightblue,"crimson,medium violet red","navy,dark blue",Crimson,Medium Violet Red,Navy,Dark Blue
369,Green Bay,#006747,#9d2235,NCAA,Teal,Maroon,Darkslategray,Brown,"teal,dark cyan","crimson,medium violet red",Teal,Dark Cyan,Crimson,Medium Violet Red
370,IUPUI,#9d2235,#dfd1a7,NCAA,Maroon,Silver,Brown,Palegoldenrod,"crimson,medium violet red","wheat,moccasin",Crimson,Medium Violet Red,Wheat,Moccasin
371,Milwaukee,#ffbd00,#000000,NCAA,Orange,Black,Orange,Black,"orange,gold","black,dim gray",Orange,Gold,Black,Dim Gray
372,Northern Kentucky,#FFC72C,#000000,NCAA,Orange,Black,Gold,Black,"goldenrod,chocolate","black,dim gray",Goldenrod,Chocolate,Black,Dim Gray
373,Oakland,#B59A57,#000000,NCAA,Gray,Black,Darkkhaki,Black,"dark khaki,burly wood","black,dim gray",Dark Khaki,Burly Wood,Black,Dim Gray
374,UIC,#041E42,#AC1E2D,NCAA,Navy,Maroon,Midnightblue,Firebrick,"navy,dark blue","crimson,medium violet red",Navy,Dark Blue,Crimson,Medium Violet Red
375,Wright State,#026937,#cea052,NCAA,Green,Orange,Forestgreen,Peru,"teal,dark cyan","sandy brown,peru",Teal,Dark Cyan,Sandy Brown,Peru
376,Youngstown State,#c8102e,#000000,NCAA,Red,Black,Crimson,Black,"crimson,deep pink","black,dim gray",Crimson,Deep Pink,Black,Dim Gray
377,Canisius,#0c2340,#FFBA00,NCAA,Navy,Orange,Midnightblue,Orange,"midnight blue,steel blue","orange,gold",Midnight Blue,Steel Blue,Orange,Gold
378,Fairfield,#C8102E,#A2AAAD,NCAA,Red,Silver,Crimson,Darkgray,"crimson,deep pink","alice blue,azure",Crimson,Deep Pink,Alice Blue,Azure
379,Iona,#6F2C3F,#F2A900,NCAA,Maroon,Orange,Saddlebrown,Orange,"pale violet red,hot pink","orange,gold",Pale Violet Red,Hot Pink,Orange,Gold
380,Manhattan,#00703C,#00703C,NCAA,Green,Green,Forestgreen,Forestgreen,"teal,dark cyan","teal,dark cyan",Teal,Dark Cyan,Teal,Dark Cyan
381,Marist,#C8102E,#B2B2B2,NCAA,Red,Silver,Crimson,Darkgray,"crimson,deep pink","dark gray,silver",Crimson,Deep Pink,Dark Gray,Silver
382,Monmouth,#041E42,#53565A,NCAA,Navy,Gray,Midnightblue,Dimgray,"navy,dark blue","slate gray,light slate gray",Navy,Dark Blue,Slate Gray,Light Slate Gray
383,Niagara,#582C83,#582C83,NCAA,Purple,Purple,Darkslateblue,Darkslateblue,"dark orchid,dark slate blue","dark orchid,dark slate blue",Dark Orchid,Dark Slate Blue,Dark Orchid,Dark Slate Blue
384,Rider,#981E32,#6C6F70,NCAA,Maroon,Gray,Brown,Dimgray,"crimson,medium violet red","slate gray,light slate gray",Crimson,Medium Violet Red,Slate Gray,Light Slate Gray
385,St. Peter’s,#003C71,#0072CE,NCAA,Navy,Teal,Midnightblue,Dodgerblue,"teal,dark cyan","deep sky blue,dodger blue",Teal,Dark Cyan,Deep Sky Blue,Dodger Blue
386,Siena,#006747,#FFC72C,NCAA,Teal,Orange,Darkslategray,Gold,"teal,dark cyan","goldenrod,chocolate",Teal,Dark Cyan,Goldenrod,Chocolate
387,Bradley,#A50000,#000000,NCAA,Maroon,Black,Darkred,Black,"dark red,maroon","black,dim gray",Dark Red,Maroon,Black,Dim Gray
388,Drake,#004477,#000000,NCAA,Teal,Black,Midnightblue,Black,"teal,dark cyan","black,dim gray",Teal,Dark Cyan,Black,Dim Gray
389,Evansville,#52237F,#F36F21,NCAA,Purple,Orange,Darkslateblue,Chocolate,"dark orchid,blue violet","chocolate,orange red",Dark Orchid,Blue Violet,Chocolate,Orange Red
390,Illinois State,#CE1126,#F9DD16,NCAA,Red,Yellow,Crimson,Gold,"crimson,deep pink","gold,goldenrod",Crimson,Deep Pink,Gold,Goldenrod
391,Indiana State,#0142BC,#0142BC,NCAA,Teal,Teal,Mediumblue,Mediumblue,"medium blue,dodger blue","medium blue,dodger blue",Medium Blue,Dodger Blue,Medium Blue,Dodger Blue
392,Loyola,#922247,#febd18,NCAA,Purple,Orange,Brown,Orange,"crimson,medium violet red","goldenrod,orange",Crimson,Medium Violet Red,Goldenrod,Orange
393,Missouri State,#5E0009,#000000,NCAA,Maroon,Black,Maroon,Black,"crimson,medium violet red","black,dim gray",Crimson,Medium Violet Red,Black,Dim Gray
394,Northern Iowa,#4B116F,#FFCC00,NCAA,Purple,Orange,Indigo,Gold,"indigo,dark orchid","gold,orange",Indigo,Dark Orchid,Gold,Orange
395,Southern Illinois,#720000,#000000,NCAA,Maroon,Black,Maroon,Black,"maroon,dark red","black,dim gray",Maroon,Dark Red,Black,Dim Gray
396,Valparaiso,#381E0E,#FFCC00,NCAA,Black,Orange,Black,Gold,"sienna,saddle brown","gold,orange",Sienna,Saddle Brown,Gold,Orange
397,Arizona,#cc0033,#003366,NCAA,Red,Navy,Crimson,Midnightblue,"crimson,deep pink","navy,teal",Crimson,Deep Pink,Navy,Teal
398,Arizona State,#8c1d40,#ffc627,NCAA,Purple,Orange,Brown,Gold,"crimson,medium violet red","goldenrod,dark goldenrod",Crimson,Medium Violet Red,Goldenrod,Dark Goldenrod
399,California,#003262,#fdb515,NCAA,Navy,Orange,Midnightblue,Orange,"teal,dark cyan","goldenrod,orange",Teal,Dark Cyan,Goldenrod,Orange
400,Colorado,#cfb87c,#000000,NCAA,Silver,Black,Tan,Black,"burly wood,khaki","black,dim gray",Burly Wood,Khaki,Black,Dim Gray
401,Oregon,#154733,#fee123,NCAA,Green,Yellow,Darkslategray,Gold,"sea green,medium sea green","goldenrod,gold",Sea Green,Medium Sea Green,Goldenrod,Gold
402,Oregon State,#dc4405,#000000,NCAA,Red,Black,Orangered,Black,"orange red,dark orange","black,dim gray",Orange Red,Dark Orange,Black,Dim Gray
403,Stanford,#8C1515,#4D4F53,NCAA,Maroon,Gray,Darkred,Darkslategray,"fire brick,brown","slate gray,light slate gray",Fire Brick,Brown,Slate Gray,Light Slate Gray
404,UCLA,#2d68c4,#f2a900,NCAA,Teal,Orange,Royalblue,Orange,"royal blue,dodger blue","orange,gold",Royal Blue,Dodger Blue,Orange,Gold
405,USC,#9d2235,#ffc72c,NCAA,Maroon,Orange,Brown,Gold,"crimson,medium violet red","goldenrod,chocolate",Crimson,Medium Violet Red,Goldenrod,Chocolate
406,Utah,#cc0000,#808080,NCAA,Red,Gray,Red,Gray,"red,dark red","gray,dim gray",Red,Dark Red,Gray,Dim Gray
407,Washington,#4b2e83,#b7a57a,NCAA,Purple,Gray,Darkslateblue,Darkkhaki,"dark slate blue,slate blue","tan,burly wood",Dark Slate Blue,Slate Blue,Tan,Burly Wood
408,Washington State,#981e32,#5e6a71,NCAA,Maroon,Gray,Brown,Dimgray,"crimson,medium violet red","slate gray,light slate gray",Crimson,Medium Violet Red,Slate Gray,Light Slate Gray
409,Alabama,#9e1b32,#828A8f,NCAA,Maroon,Gray,Brown,Lightslategray,"crimson,medium violet red","slate gray,light slate gray",Crimson,Medium Violet Red,Slate Gray,Light Slate Gray
410,Arkansas,#9D2235,#000000,NCAA,Maroon,Black,Brown,Black,"crimson,medium violet red","black,dim gray",Crimson,Medium Violet Red,Black,Dim Gray
411,Auburn,#0C2350,#e87722,NCAA,Navy,Orange,Midnightblue,Chocolate,"midnight blue,navy","chocolate,goldenrod",Midnight Blue,Navy,Chocolate,Goldenrod
412,Florida,#fa4616,#0021a5,NCAA,Red,Navy,Orangered,Darkblue,"orange red,chocolate","dark blue,navy",Orange Red,Chocolate,Dark Blue,Navy
413,Georgia,#ba0c2f,#000000,NCAA,Maroon,Black,Firebrick,Black,"crimson,deep pink","black,dim gray",Crimson,Deep Pink,Black,Dim Gray
414,Kentucky,#0033a0,#000000,NCAA,Navy,Black,Darkblue,Black,"dark blue,navy","black,dim gray",Dark Blue,Navy,Black,Dim Gray
415,Louisiana State,#461d7c,#fdd023,NCAA,Purple,Orange,Indigo,Gold,"dark orchid,blue violet","goldenrod,dark goldenrod",Dark Orchid,Blue Violet,Goldenrod,Dark Goldenrod
416,Mississippi,#13294b,#c8102e,NCAA,Navy,Red,Midnightblue,Crimson,"midnight blue,steel blue","crimson,deep pink",Midnight Blue,Steel Blue,Crimson,Deep Pink
417,Mississippi State,#660000,#ffffff,NCAA,Maroon,White,Maroon,White,"maroon,dark red","white,white smoke",Maroon,Dark Red,White,White Smoke
418,Missouri,#f1b82d,#000000,NCAA,Orange,Black,Goldenrod,Black,"goldenrod,chocolate","black,dim gray",Goldenrod,Chocolate,Black,Dim Gray
419,South Carolina,#73000a,#000000,NCAA,Maroon,Black,Maroon,Black,"crimson,medium violet red","black,dim gray",Crimson,Medium Violet Red,Black,Dim Gray
420,Tennessee,#FF8200,#58595b,NCAA,Orange,Gray,Darkorange,Dimgray,"dark orange,orange","slate gray,light slate gray",Dark Orange,Orange,Slate Gray,Light Slate Gray
421,Texas A&M,#500000,#000000,NCAA,Maroon,Black,Maroon,Black,"maroon,dark red","black,dim gray",Maroon,Dark Red,Black,Dim Gray
422,Vanderbilt,#866d4b,#000000,NCAA,Gray,Black,Dimgray,Black,"burly wood,tan","black,dim gray",Burly Wood,Tan,Black,Dim Gray
423,Denver,#8b2332,#8b6f4b,NCAA,Maroon,Gray,Brown,Dimgray,"crimson,medium violet red","burly wood,tan",Crimson,Medium Violet Red,Burly Wood,Tan
424,Fort Wayne,#002F6C,#97999B,NCAA,Navy,Gray,Midnightblue,Darkgray,"navy,dark blue","alice blue,light slate gray",Navy,Dark Blue,Alice Blue,Light Slate Gray
425,NDSU,#0A5640,#FFC72A,NCAA,Teal,Orange,Darkslategray,Gold,"teal,light sea green","goldenrod,dark goldenrod",Teal,Light Sea Green,Goldenrod,Dark Goldenrod
426,North Dakota,#009A44,#aaaead,NCAA,Teal,Silver,Forestgreen,Darkgray,"spring green,medium spring green","mint cream,azure",Spring Green,Medium Spring Green,Mint Cream,Azure
427,Omaha,#000000,#D71920,NCAA,Black,Red,Black,Crimson,"black,dim gray","crimson,deep pink",Black,Dim Gray,Crimson,Deep Pink
428,Oral Roberts,#002f60,#a28e2a,NCAA,Navy,Olive,Midnightblue,Darkgoldenrod,"navy,dark blue","goldenrod,peru",Navy,Dark Blue,Goldenrod,Peru
429,South Dakota,#AD0000,#000000,NCAA,Maroon,Black,Darkred,Black,"dark red,maroon","black,dim gray",Dark Red,Maroon,Black,Dim Gray
430,South Dakota State,#0033A0,#FFD100,NCAA,Navy,Orange,Darkblue,Gold,"dark blue,navy","gold,orange",Dark Blue,Navy,Gold,Orange
431,Western Illinois,#663399,#ffcc00,NCAA,Purple,Orange,Darkslateblue,Gold,"dark orchid,medium orchid","gold,orange",Dark Orchid,Medium Orchid,Gold,Orange
432,CSUB Bakersfield,#005DAA,#ffd200,NCAA,Teal,Orange,Teal,Gold,"deep sky blue,dodger blue","gold,orange",Deep Sky Blue,Dodger Blue,Gold,Orange
433,Chicago State,#006666,#000000,NCAA,Teal,Black,Teal,Black,"teal,dark cyan","black,dim gray",Teal,Dark Cyan,Black,Dim Gray
434,Grand Canyon,#522398,#000000,NCAA,Purple,Black,Darkslateblue,Black,"blue violet,dark orchid","black,dim gray",Blue Violet,Dark Orchid,Black,Dim Gray
435,UMKC,#005293,#fecb00,NCAA,Teal,Orange,Teal,Gold,"deep sky blue,dark cyan","gold,orange",Deep Sky Blue,Dark Cyan,Gold,Orange
436,New Mexico State,#861F41,#000000,NCAA,Purple,Black,Brown,Black,"crimson,medium violet red","black,dim gray",Crimson,Medium Violet Red,Black,Dim Gray
437,Seattle University,#aa0000,#333333,NCAA,Maroon,Black,Darkred,Darkslategray,"dark red,maroon","black,dim gray",Dark Red,Maroon,Black,Dim Gray
438,UTRGV,#ffa300,#0c2340,NCAA,Orange,Navy,Orange,Midnightblue,"orange,dark orange","midnight blue,steel blue",Orange,Dark Orange,Midnight Blue,Steel Blue
439,Utah Valley,#275038,#000000,NCAA,Green,Black,Darkslategray,Black,"sea green,medium sea green","black,dim gray",Sea Green,Medium Sea Green,Black,Dim Gray
440,Blackburn Rovers,#00002d,#78bcff,EPL,Black,Silver,Black,Lightskyblue,"navy,dark blue","cornflower blue,light sky blue",Cornflower Blue,Light Sky Blue,Cornflower Blue,Light Sky Blue
441,Sheffield United,#EE2737,#0D171A,EPL,Red,Black,Crimson,Black,"crimson,deep pink","dark slate gray,cadet blue",Crimson,Deep Pink,Dark Slate Gray,Cadet Blue
442,Ipswich Town,#0e00f7,#FFFFFF,EPL,Blue,White,Blue,White,"blue,medium blue","white,white smoke",Blue,Midnight Blue,White,White Smoke
443,Nottingham Forest,#E53233,#FFFFFF,EPL,Red,White,Crimson,White,"crimson,deep pink","white,white smoke",Crimson,Deep Pink,White,White Smoke
444,Sevilla,#cb282b,#a47433,La Liga,Red,Olive,Firebrick,Sienna,"crimson,deep pink","peru,sienna",Crimson,Deep Pink,Peru,Sienna
445,Baltimore Bullets (original) (folded in 1954),#002B5C,#E31837,NBA,Navy,Red,Midnightblue,Crimson,"navy,dark blue","crimson,deep pink",Navy,Dark Blue,Crimson,Deep Pink
446,Genoa,#ED2D22,#202A4E,Serie A,Red,Navy,Crimson,Midnightblue,"fire brick,tomato","dark slate blue,steel blue",Fire Brick,Tomato,Dark Slate Blue,Steel Blue
447,Torino,#881f19,#FFFFFF,Serie A,Maroon,White,Brown,White,"fire brick,brown","white,white smoke",Fire Brick,Brown,White,White Smoke
448,Pro Vercelli,#E31F2B,#FFFFFF,Serie A,Red,White,Crimson,White,"crimson,deep pink","white,white smoke",Crimson,Deep Pink,White,White Smoke
449,Sampdoria,#2737a3,#000000,Serie A,Navy,Black,Darkslateblue,Black,"midnight blue,royal blue","black,dim gray",Midnight Blue,Royal Blue,Black,Dim Gray
450,Hellas Verona,#172983,#FFED00,Serie A,Navy,Yellow,Midnightblue,Yellow,"midnight blue,royal blue","yellow,gold",Midnight Blue,Royal Blue,Yellow,Gold
451,Novese,#0099CC,#FFFFFF,Serie A,Teal,White,Lightseagreen,White,"deep sky blue,dark turquoise","white,white smoke",Deep Sky Blue,Dark Turquoise,White,White Smoke
452,Casale,#000000,#FFFFFF,Serie A,Black,White,Black,White,"black,dim gray","white,white smoke",Black,Dim Gray,White,White Smoke
453,Sunderland,#ff0000,#FFFFFF,EPL,Red,White,Red,White,"red,orange red","white,white smoke",Red,Orange Red,White,White Smoke
454,Sheffield Wednesday,#0e00f7,#000015,EPL,Blue,Black,Blue,Black,"blue,medium blue","navy,dark blue",Blue,Medium Blue,Navy,Dark Blue
455,Preston North End,#040040,#FFDF00,EPL,Navy,Yellow,Midnightblue,Gold,"navy,dark blue","gold,yellow",Navy,Dark Blue,Gold,Yellow
456,Derby County,#000000,#FFFFFF,EPL,Black,White,Black,White,"black,dim gray","white,white smoke",Black,Dim Gray,White,White Smoke
457,Portsmouth,#001489,#FFFFFF,EPL,Navy,White,Darkblue,White,"dark blue,navy","white,white smoke",Dark Blue,Navy,White,White Smoke
458,Athletic Bilbao,#EE2523,#FFFFFF,La Liga,Red,White,Crimson,White,"fire brick,tomato","white,white smoke",Fire Brick,Tomato,White,White Smoke
459,Real Sociedad,#0062B8,#FFFFFF,La Liga,Teal,White,Darkcyan,White,"deep sky blue,dodger blue","white,white smoke",Deep Sky Blue,Dodger Blue,White,White Smoke
460,Lazio,#7FD3F4,#FFFFFF,Serie A,Silver,White,Lightskyblue,White,"light sky blue,sky blue","white,white smoke",Light Sky Blue,Sky Blue,White,White Smoke
